3/1/18,2702.54
3/2/18,2691.25
3/3/18,2701.146667
3/4/18,2711.043333
3/5/18,2720.94
3/6/18,2728.12
3/7/18,2726.8
3/8/18,2738.97
3/9/18,2786.57
3/10/18,2785.386667
3/11/18,2784.203333
3/12/18,2783.02
3/13/18,2765.31
3/14/18,2749.48
3/15/18,2747.33
3/16/18,2752.01
3/17/18,2738.98
3/18/18,2725.95
3/19/18,2712.92
3/20/18,2716.94
3/21/18,2711.93
3/22/18,2643.69
3/23/18,2588.26
3/24/18,2611.69
3/25/18,2635.12
3/26/18,2658.55
3/27/18,2612.62
3/28/18,2605
3/29/18,2640.87
3/30/18,2626.1225
3/31/18,2611.375
4/1/18,2596.6275
4/2/18,2581.88
4/3/18,2614.45
4/4/18,2644.69
4/5/18,2662.84
4/6/18,2604.47
4/7/18,2607.366667
4/8/18,2610.263333
4/9/18,2613.16
4/10/18,2656.87
4/11/18,2642.19
4/12/18,2663.99
4/13/18,2656.3
4/14/18,2663.48
4/15/18,2670.66
4/16/18,2677.84
4/17/18,2706.39
4/18/18,2708.64
4/19/18,2693.13
4/20/18,2670.14
4/21/18,2670.19
4/22/18,2670.24
4/23/18,2670.29
4/24/18,2634.56
4/25/18,2639.4
4/26/18,2666.94
4/27/18,2669.91
4/28/18,2662.623333
4/29/18,2655.336667
4/30/18,2648.05
5/1/18,2654.8
5/2/18,2635.67
5/3/18,2629.73
5/4/18,2663.42
5/5/18,2666.49
5/6/18,2669.56
5/7/18,2672.63
5/8/18,2671.92
5/9/18,2697.79
5/10/18,2723.07
5/11/18,2727.72
5/12/18,2728.523333
5/13/18,2729.326667
5/14/18,2730.13
5/15/18,2711.45
5/16/18,2722.46
5/17/18,2720.13
5/18/18,2717.743333
5/19/18,2715.356667
5/20/18,2712.97
5/21/18,2733.01
5/22/18,2724.44
5/23/18,2733.29
5/24/18,2727.76
5/25/18,2721.33
5/26/18,2713.4625
5/27/18,2705.595
5/28/18,2697.7275
5/29/18,2689.86
5/30/18,2724.01
5/31/18,2705.27
6/1/18,2734.62
6/2/18,2738.703333
6/3/18,2742.786667
6/4/18,2746.87
6/5/18,2748.8
6/6/18,2772.35
6/7/18,2770.37
6/8/18,2779.03
6/9/18,2780.02
6/10/18,2781.01
6/11/18,2782
6/12/18,2786.85
6/13/18,2775.63
6/14/18,2782.49
6/15/18,2779.66
6/16/18,2777.69
6/17/18,2775.72
6/18/18,2773.75
6/19/18,2762.59
6/20/18,2767.32
6/21/18,2749.76
6/22/18,2754.88
6/23/18,2742.276667
6/24/18,2729.673333
6/25/18,2717.07
6/26/18,2723.06
6/27/18,2699.63
6/28/18,2716.31
6/29/18,2718.37
6/30/18,2721.15
7/1/18,2723.93
7/2/18,2726.71
7/3/18,2713.22
7/4/18,2724.915
7/5/18,2736.61
7/6/18,2759.82
7/7/18,2767.936667
7/8/18,2776.053333
7/9/18,2784.17
7/10/18,2793.84
7/11/18,2774.02
7/12/18,2798.29
7/13/18,2801.31
7/14/18,2800.35
7/15/18,2799.39
7/16/18,2798.43
7/17/18,2809.55
7/18/18,2815.62
7/19/18,2804.49
7/20/18,2801.83
7/21/18,2803.546667
7/22/18,2805.263333
7/23/18,2806.98
7/24/18,2820.4
7/25/18,2846.07
7/26/18,2837.44
7/27/18,2818.82
7/28/18,2813.413333
7/29/18,2808.006667
7/30/18,2802.6
7/31/18,2816.29
8/1/18,2813.36
8/2/18,2827.22
8/3/18,2840.35
8/4/18,2843.7
8/5/18,2847.05
8/6/18,2850.4
8/7/18,2858.45
8/8/18,2857.7
8/9/18,2853.58
8/10/18,2833.28
8/11/18,2829.496667
8/12/18,2825.713333
8/13/18,2821.93
8/14/18,2839.96
8/15/18,2818.37
8/16/18,2840.69
8/17/18,2850.13
8/18/18,2852.436667
8/19/18,2854.743333
8/20/18,2857.05
8/21/18,2862.96
8/22/18,2861.82
8/23/18,2856.98
8/24/18,2874.69
8/25/18,2882.04
8/26/18,2889.39
8/27/18,2896.74
8/28/18,2897.52
8/29/18,2914.04
8/30/18,2901.13
8/31/18,2901.52
9/1/18,2900.32
9/2/18,2899.12
9/3/18,2897.92
9/4/18,2896.72
9/5/18,2888.6
9/6/18,2878.05
9/7/18,2871.68
9/8/18,2873.496667
9/9/18,2875.313333
9/10/18,2877.13
9/11/18,2887.89
9/12/18,2888.92
9/13/18,2904.18
9/14/18,2904.98
9/15/18,2899.586667
9/16/18,2894.193333
9/17/18,2888.8
9/18/18,2904.31
9/19/18,2907.95
9/20/18,2930.75
9/21/18,2929.67
9/22/18,2926.236667
9/23/18,2922.803333
9/24/18,2919.37
9/25/18,2915.56
9/26/18,2905.97
9/27/18,2914
9/28/18,2913.98
9/29/18,2917.516667
9/30/18,2921.053333
10/1/18,2924.59
10/2/18,2923.43
10/3/18,2925.51
10/4/18,2901.61
10/5/18,2885.57
10/6/18,2885.19
10/7/18,2884.81
10/8/18,2884.43
10/9/18,2880.34
10/10/18,2785.68
10/11/18,2728.37
10/12/18,2767.13
10/13/18,2761.683333
10/14/18,2756.236667
10/15/18,2750.79
10/16/18,2809.92
10/17/18,2809.21
10/18/18,2768.78
10/19/18,2767.78
10/20/18,2763.813333
10/21/18,2759.846667
10/22/18,2755.88
10/23/18,2740.69
10/24/18,2656.1
10/25/18,2705.57
10/26/18,2658.69
10/27/18,2652.876667
10/28/18,2647.063333
10/29/18,2641.25
10/30/18,2682.63
10/31/18,2711.74
11/1/18,2740.37
11/2/18,2723.06
11/3/18,2728.143333
11/4/18,2733.226667
11/5/18,2738.31
11/6/18,2755.45
11/7/18,2813.89
11/8/18,2806.83
11/9/18,2781.01
11/10/18,2762.746667
11/11/18,2744.483333
11/12/18,2726.22
11/13/18,2722.18
11/14/18,2701.58
11/15/18,2730.2
11/16/18,2736.27
11/17/18,2721.09
11/18/18,2705.91
11/19/18,2690.73
11/20/18,2641.89
11/21/18,2649.93
11/22/18,2632.56
11/23/18,2646.19
11/24/18,2659.82
11/25/18,2673.45
11/26/18,2682.17
11/27/18,2743.79
11/28/18,2737.76
11/29/18,2760.17
11/30/18,2767.72
12/1/18,2775.27
12/2/18,2782.82
12/3/18,2790.37
12/4/18,2700.06
12/5/18,2698.005
12/6/18,2695.95
12/7/18,2633.08
12/8/18,2634.626667
12/9/18,2636.173333
12/10/18,2637.72
12/11/18,2636.78
12/12/18,2651.07
12/13/18,2650.54
12/14/18,2599.95
12/15/18,2581.946667
12/16/18,2563.943333
12/17/18,2545.94
12/18/18,2546.16
12/19/18,2506.96
12/20/18,2467.42
12/21/18,2416.62
12/22/18,2394.78
12/23/18,2372.94
12/24/18,2351.1
12/25/18,2409.4
12/26/18,2467.7
12/27/18,2488.83
12/28/18,2485.74
12/29/18,2492.776667
12/30/18,2499.813333
12/31/18,2506.85
1/1/19,2508.44
1/2/19,2510.03
1/3/19,2447.89
1/4/19,2531.94
1/5/19,2537.856667
1/6/19,2543.773333
1/7/19,2549.69
1/8/19,2574.41
1/9/19,2584.96
1/10/19,2596.64
1/11/19,2596.26
1/12/19,2591.71
1/13/19,2587.16
1/14/19,2582.61
1/15/19,2610.3
1/16/19,2616.1
1/17/19,2635.96
1/18/19,2670.71
1/19/19,2661.2575
1/20/19,2651.805
1/21/19,2642.3525
1/22/19,2632.9
1/23/19,2638.7
1/24/19,2642.33
1/25/19,2664.76
1/26/19,2657.79
1/27/19,2650.82
1/28/19,2643.85
1/29/19,2640
1/30/19,2681.05
1/31/19,2704.1
2/1/19,2706.53
2/2/19,2712.643333
2/3/19,2718.756667
2/4/19,2724.87
2/5/19,2737.7
2/6/19,2731.61
2/7/19,2706.05
2/8/19,2707.88
2/9/19,2708.52
2/10/19,2709.16
2/11/19,2709.8
2/12/19,2744.73
2/13/19,2753.03
2/14/19,2745.73
2/15/19,2775.6
2/16/19,2776.64
2/17/19,2777.68
2/18/19,2778.72
2/19/19,2779.76
2/20/19,2784.7
2/21/19,2774.88
2/22/19,2792.67
2/23/19,2793.816667
2/24/19,2794.963333
2/25/19,2796.11
2/26/19,2793.9
2/27/19,2792.38
2/28/19,2784.49
3/1/19,2803.69
3/2/19,2800.063333
3/3/19,2796.436667
3/4/19,2792.81
3/5/19,2789.65
3/6/19,2771.45
3/7/19,2748.93
3/8/19,2743.07
3/9/19,2756.48
3/10/19,2769.89
3/11/19,2783.3
3/12/19,2791.52
3/13/19,2810.92
3/14/19,2808.48
3/15/19,2822.48
3/16/19,2825.966667
3/17/19,2829.453333
3/18/19,2832.94
3/19/19,2832.57
3/20/19,2824.23
3/21/19,2854.88
3/22/19,2800.71
3/23/19,2799.926667
3/24/19,2799.143333
3/25/19,2798.36
3/26/19,2818.46
3/27/19,2805.37
3/28/19,2815.44
3/29/19,2834.4
3/30/19,2845.33
3/31/19,2856.26
4/1/19,2867.19
4/2/19,2867.24
4/3/19,2873.4
4/4/19,2879.39
4/5/19,2892.74
4/6/19,2893.75
4/7/19,2894.76
4/8/19,2895.77
4/9/19,2878.2
4/10/19,2888.21
4/11/19,2888.32
4/12/19,2907.41
4/13/19,2906.8
4/14/19,2906.19
4/15/19,2905.58
4/16/19,2907.06
4/17/19,2900.45
4/18/19,2905.03
4/19/19,2905.765
4/20/19,2906.5
4/21/19,2907.235
4/22/19,2907.97
4/23/19,2933.68
4/24/19,2927.25
4/25/19,2926.17
4/26/19,2939.88
4/27/19,2940.93
4/28/19,2941.98
4/29/19,2943.03
4/30/19,2945.83
5/1/19,2923.73
5/2/19,2917.52
5/3/19,2945.64
5/4/19,2941.25
5/5/19,2936.86
5/6/19,2932.47
5/7/19,2884.05
5/8/19,2879.42
5/9/19,2870.72
5/10/19,2881.4
5/11/19,2858.223333
5/12/19,2835.046667
5/13/19,2811.87
5/14/19,2834.41
5/15/19,2850.96
5/16/19,2876.32
5/17/19,2859.53
5/18/19,2853.096667
5/19/19,2846.663333
5/20/19,2840.23
5/21/19,2864.36
5/22/19,2856.27
5/23/19,2822.24
5/24/19,2826.06
5/25/19,2820.1425
5/26/19,2814.225
5/27/19,2808.3075
5/28/19,2802.39
5/29/19,2783.02
5/30/19,2788.86
5/31/19,2752.06
6/1/19,2749.523333
6/2/19,2746.986667
6/3/19,2744.45
6/4/19,2803.27
6/5/19,2826.15
6/6/19,2843.49
6/7/19,2873.34
6/8/19,2877.803333
6/9/19,2882.266667
6/10/19,2886.73
6/11/19,2885.72
6/12/19,2879.84
6/13/19,2891.64
6/14/19,2886.98
6/15/19,2887.876667
6/16/19,2888.773333
6/17/19,2889.67
6/18/19,2917.75
6/19/19,2926.46
6/20/19,2954.18
6/21/19,2950.46
6/22/19,2948.756667
6/23/19,2947.053333
6/24/19,2945.35
6/25/19,2917.38
6/26/19,2913.78
6/27/19,2924.92
6/28/19,2941.76
6/29/19,2949.283333
6/30/19,2956.806667
7/1/19,2964.33
7/2/19,2973.01
7/3/19,2995.82
7/4/19,2993.115
7/5/19,2990.41
7/6/19,2985.59
7/7/19,2980.77
7/8/19,2975.95
7/9/19,2979.63
7/10/19,2993.07
7/11/19,2999.91
7/12/19,3013.77
7/13/19,3013.946667
7/14/19,3014.123333
7/15/19,3014.3
7/16/19,3004.04
7/17/19,2984.42
7/18/19,2995.11
7/19/19,2976.61
7/20/19,2979.416667
7/21/19,2982.223333
7/22/19,2985.03
7/23/19,3005.47
7/24/19,3019.56
7/25/19,3003.67
7/26/19,3025.86
7/27/19,3024.23
7/28/19,3022.6
7/29/19,3020.97
7/30/19,3013.18
7/31/19,2980.38
8/1/19,2953.56
8/2/19,2932.05
8/3/19,2902.946667
8/4/19,2873.843333
8/5/19,2844.74
8/6/19,2881.77
8/7/19,2883.98
8/8/19,2938.09
8/9/19,2918.65
8/10/19,2907.016667
8/11/19,2895.383333
8/12/19,2883.75
8/13/19,2926.32
8/14/19,2840.6
8/15/19,2847.6
8/16/19,2888.68
8/17/19,2900.336667
8/18/19,2911.993333
8/19/19,2923.65
8/20/19,2900.51
8/21/19,2924.43
8/22/19,2922.95
8/23/19,2847.11
8/24/19,2857.533333
8/25/19,2867.956667
8/26/19,2878.38
8/27/19,2869.16
8/28/19,2887.94
8/29/19,2924.58
8/30/19,2926.46
8/31/19,2921.4125
9/1/19,2916.365
9/2/19,2911.3175
9/3/19,2906.27
9/4/19,2937.78
9/5/19,2976
9/6/19,2978.71
9/7/19,2978.616667
9/8/19,2978.523333
9/9/19,2978.43
9/10/19,2979.39
9/11/19,3000.93
9/12/19,3009.57
9/13/19,3007.39
9/14/19,3004.246667
9/15/19,3001.103333
9/16/19,2997.96
9/17/19,3005.7
9/18/19,3006.73
9/19/19,3006.79
9/20/19,2992.07
9/21/19,2991.973333
9/22/19,2991.876667
9/23/19,2991.78
9/24/19,2966.6
9/25/19,2984.87
9/26/19,2977.62
9/27/19,2961.79
9/28/19,2966.773333
9/29/19,2971.756667
9/30/19,2976.74
10/1/19,2940.25
10/2/19,2887.61
10/3/19,2910.63
10/4/19,2952.01
10/5/19,2947.603333
10/6/19,2943.196667
10/7/19,2938.79
10/8/19,2893.06
10/9/19,2919.4
10/10/19,2938.13
10/11/19,2970.27
10/12/19,2968.896667
10/13/19,2967.523333
10/14/19,2966.15
10/15/19,2995.68
10/16/19,2989.69
10/17/19,2997.95
10/18/19,2986.2
10/19/19,2993.04
10/20/19,2999.88
10/21/19,3006.72
10/22/19,2995.99
10/23/19,3004.52
10/24/19,3010.29
10/25/19,3022.55
10/26/19,3028.173333
10/27/19,3033.796667
10/28/19,3039.42
10/29/19,3036.89
10/30/19,3046.77
10/31/19,3037.56
11/1/19,3066.91
11/2/19,3070.696667
11/3/19,3074.483333
11/4/19,3078.27
11/5/19,3074.62
11/6/19,3076.78
11/7/19,3085.18
11/8/19,3093.08
11/9/19,3091.056667
11/10/19,3089.033333
11/11/19,3087.01
11/12/19,3091.84
11/13/19,3094.04
11/14/19,3096.63
11/15/19,3120.46
11/16/19,3120.983333
11/17/19,3121.506667
11/18/19,3122.03
11/19/19,3120.18
11/20/19,3108.46
11/21/19,3103.54
11/22/19,3110.29
11/23/19,3118.073333
11/24/19,3125.856667
11/25/19,3133.64
11/26/19,3140.52
11/27/19,3153.63
11/28/19,3147.305
11/29/19,3140.98
11/30/19,3131.943333
12/1/19,3122.906667
12/2/19,3113.87
12/3/19,3093.2
12/4/19,3112.76
12/5/19,3117.43
12/6/19,3145.91
12/7/19,3142.593333
12/8/19,3139.276667
12/9/19,3135.96
12/10/19,3132.52
12/11/19,3141.63
12/12/19,3168.57
12/13/19,3168.8
12/14/19,3176.35
12/15/19,3183.9
12/16/19,3191.45
12/17/19,3192.52
12/18/19,3191.14
12/19/19,3205.37
12/20/19,3221.22
12/21/19,3222.15
12/22/19,3223.08
12/23/19,3224.01
12/24/19,3223.38
12/25/19,3231.645
12/26/19,3239.91
12/27/19,3240.02
12/28/19,3233.776667
12/29/19,3227.533333
12/30/19,3221.29
12/31/19,3230.78
1/1/20,3244.315
1/2/20,3257.85
1/3/20,3234.85
1/4/20,3238.66
1/5/20,3242.47
1/6/20,3246.28
1/7/20,3237.18
1/8/20,3253.05
1/9/20,3274.7
1/10/20,3265.35
1/11/20,3272.943333
1/12/20,3280.536667
1/13/20,3288.13
1/14/20,3283.15
1/15/20,3289.29
1/16/20,3316.81
1/17/20,3329.62
1/18/20,3327.4125
1/19/20,3325.205
1/20/20,3322.9975
1/21/20,3320.79
1/22/20,3321.75
1/23/20,3325.54
1/24/20,3295.47
1/25/20,3278.19
1/26/20,3260.91
1/27/20,3243.63
1/28/20,3276.24
1/29/20,3273.4
1/30/20,3283.66
1/31/20,3225.52
2/1/20,3233.32
2/2/20,3241.12
2/3/20,3248.92
2/4/20,3297.59
2/5/20,3334.69
2/6/20,3345.78
2/7/20,3327.71
2/8/20,3335.836667
2/9/20,3343.963333
2/10/20,3352.09
2/11/20,3357.75
2/12/20,3379.45
2/13/20,3373.94
2/14/20,3380.16
2/15/20,3377.6925
2/16/20,3375.225
2/17/20,3372.7575
2/18/20,3370.29
2/19/20,3386.15
2/20/20,3373.23
2/21/20,3337.75
2/22/20,3300.463333
2/23/20,3263.176667
2/24/20,3225.89
2/25/20,3128.21
2/26/20,3116.39
2/27/20,2978.76
2/28/20,2954.22
2/29/20,2999.556667
3/1/20,3044.893333
3/2/20,3090.23
3/3/20,3003.37
3/4/20,3130.12
3/5/20,3023.94
3/6/20,2972.37
3/7/20,2897.1
3/8/20,2821.83
3/9/20,2746.56
3/10/20,2882.23
3/11/20,2741.38
3/12/20,2480.64
3/13/20,2711.02
3/14/20,2602.723333
3/15/20,2494.426667
3/16/20,2386.13
3/17/20,2529.19
3/18/20,2398.1
3/19/20,2409.39
3/20/20,2304.92
3/21/20,2282.413333
3/22/20,2259.906667
3/23/20,2237.4
3/24/20,2447.33
3/25/20,2475.56
3/26/20,2630.07
3/27/20,2541.47
3/28/20,2569.863333
3/29/20,2598.256667
3/30/20,2626.65
3/31/20,2584.59
4/1/20,2470.5
4/2/20,2526.9
4/3/20,2488.65
4/4/20,2546.993333
4/5/20,2605.336667
4/6/20,2663.68
4/7/20,2659.41
4/8/20,2749.98
4/9/20,2789.82
4/10/20,2782.7725
4/11/20,2775.725
4/12/20,2768.6775
4/13/20,2761.63
4/14/20,2846.06
4/15/20,2783.36
4/16/20,2799.55
4/17/20,2874.56
4/18/20,2857.426667
4/19/20,2840.293333
4/20/20,2823.16
4/21/20,2736.56
4/22/20,2799.31
4/23/20,2797.8
4/24/20,2836.74
4/25/20,2850.653333
4/26/20,2864.566667
4/27/20,2878.48
4/28/20,2863.39
4/29/20,2939.51
4/30/20,2912.43
5/1/20,2830.71
5/2/20,2834.72
5/3/20,2838.73
5/4/20,2842.74
5/5/20,2868.44
5/6/20,2848.42
5/7/20,2881.19
5/8/20,2929.8
5/9/20,2929.973333
5/10/20,2930.146667
5/11/20,2930.32
5/12/20,2870.12
5/13/20,2820
5/14/20,2852.5
5/15/20,2863.7
5/16/20,2893.77
5/17/20,2923.84
5/18/20,2953.91
5/19/20,2922.94
5/20/20,2971.61
5/21/20,2948.51
5/22/20,2955.45
5/23/20,2964.53
5/24/20,2973.61
5/25/20,2982.69
5/26/20,2991.77
5/27/20,3036.13
5/28/20,3029.73
5/29/20,3044.31
5/30/20,3048.116667
5/31/20,3051.923333
6/1/20,3055.73
6/2/20,3080.82
6/3/20,3122.87
6/4/20,3112.35
6/5/20,3193.93
6/6/20,3206.75
6/7/20,3219.57
6/8/20,3232.39
6/9/20,3207.18
6/10/20,3190.14
6/11/20,3002.1
6/12/20,3041.31
6/13/20,3049.736667
6/14/20,3058.163333
6/15/20,3066.59
6/16/20,3124.74
6/17/20,3113.49
6/18/20,3115.34
6/19/20,3097.74
6/20/20,3104.446667
6/21/20,3111.153333
6/22/20,3117.86
6/23/20,3131.29
6/24/20,3050.33
6/25/20,3083.76
6/26/20,3009.05
6/27/20,3023.78
6/28/20,3038.51
6/29/20,3053.24
6/30/20,3100.29
7/1/20,3115.86
7/2/20,3130.01
7/3/20,3142.4375
7/4/20,3154.865
7/5/20,3167.2925
7/6/20,3179.72
7/7/20,3145.32
7/8/20,3169.94
7/9/20,3152.05
7/10/20,3185.04
7/11/20,3175.1
7/12/20,3165.16
7/13/20,3155.22
7/14/20,3197.52
7/15/20,3226.56
7/16/20,3215.57
7/17/20,3224.73
7/18/20,3233.766667
7/19/20,3242.803333
7/20/20,3251.84
7/21/20,3257.3
7/22/20,3276.02
7/23/20,3235.66
7/24/20,3215.63
7/25/20,3223.556667
7/26/20,3231.483333
7/27/20,3239.41
7/28/20,3218.44
7/29/20,3258.44
7/30/20,3246.22
7/31/20,3271.12
8/1/20,3278.95
8/2/20,3286.78
8/3/20,3294.61
8/4/20,3306.51
8/5/20,3327.77
8/6/20,3349.16
8/7/20,3351.28
8/8/20,3354.343333
8/9/20,3357.406667
8/10/20,3360.47
8/11/20,3333.69
8/12/20,3380.35
8/13/20,3373.43
8/14/20,3372.85
8/15/20,3375.896667
8/16/20,3378.943333
8/17/20,3381.99
8/18/20,3389.78
8/19/20,3374.85
8/20/20,3385.51
8/21/20,3397.16
8/22/20,3408.533333
8/23/20,3419.906667
8/24/20,3431.28
8/25/20,3443.62
8/26/20,3478.73
8/27/20,3484.55
8/28/20,3508.01
8/29/20,3505.443333
8/30/20,3502.876667
8/31/20,3500.31
9/1/20,3526.65
9/2/20,3580.84
9/3/20,3455.06
9/4/20,3426.96
9/5/20,3403.18
9/6/20,3379.4
9/7/20,3355.62
9/8/20,3331.84
9/9/20,3398.96
9/10/20,3339.19
9/11/20,3340.97
9/12/20,3355.16
9/13/20,3369.35
9/14/20,3383.54
9/15/20,3401.2
9/16/20,3385.49
9/17/20,3357.01
9/18/20,3319.47
9/19/20,3306.666667
9/20/20,3293.863333
9/21/20,3281.06
9/22/20,3315.57
9/23/20,3236.92
9/24/20,3246.59
9/25/20,3298.46
9/26/20,3316.173333
9/27/20,3333.886667
9/28/20,3351.6
9/29/20,3335.47
9/30/20,3363
10/1/20,3380.8
10/2/20,3348.44
10/3/20,3368.503333
10/4/20,3388.566667
10/5/20,3408.63
10/6/20,3360.95
10/7/20,3419.45
10/8/20,3446.83
10/9/20,3477.13
10/10/20,3496.16
10/11/20,3515.19
10/12/20,3534.22
10/13/20,3511.93
10/14/20,3488.67
10/15/20,3483.34
10/16/20,3483.81
10/17/20,3464.846667
10/18/20,3445.883333
10/19/20,3426.92
10/20/20,3443.12
10/21/20,3435.56
10/22/20,3453.49
10/23/20,3465.39
10/24/20,3443.916667
10/25/20,3422.443333
10/26/20,3400.97
10/27/20,3390.68
10/28/20,3271.03
10/29/20,3310.11
10/30/20,3269.96
10/31/20,3283.386667
11/1/20,3296.813333
11/2/20,3310.24
11/3/20,3369.16
11/4/20,3443.44
11/5/20,3510.45
11/6/20,3509.44
11/7/20,3523.126667
11/8/20,3536.813333
11/9/20,3550.5
11/10/20,3545.53
11/11/20,3572.66
11/12/20,3537.01
11/13/20,3585.15
11/14/20,3599.07
11/15/20,3612.99
11/16/20,3626.91
11/17/20,3609.53
11/18/20,3567.79
11/19/20,3581.87
11/20/20,3557.54
11/21/20,3564.223333
11/22/20,3570.906667
11/23/20,3577.59
11/24/20,3635.41
11/25/20,3629.65
11/26/20,3634
11/27/20,3638.35
11/28/20,3632.776667
11/29/20,3627.203333
11/30/20,3621.63
12/1/20,3662.45
12/2/20,3669.01
12/3/20,3666.72
12/4/20,3699.12
12/5/20,3696.733333
12/6/20,3694.346667
12/7/20,3691.96
12/8/20,3702.25
12/9/20,3672.82
12/10/20,3668.1
12/11/20,3663.46
12/12/20,3658.136667
12/13/20,3652.813333
12/14/20,3647.49
12/15/20,3694.62
12/16/20,3701.17
12/17/20,3722.48
12/18/20,3709.41
12/19/20,3704.58
12/20/20,3699.75
12/21/20,3694.92
12/22/20,3687.26
12/23/20,3690.01
12/24/20,3703.06
12/25/20,3711.135
12/26/20,3719.21
12/27/20,3727.285
12/28/20,3735.36
12/29/20,3727.04
12/30/20,3732.04
12/31/20,3756.07
1/1/21,3742.215
1/2/21,3728.36
1/3/21,3714.505
1/4/21,3700.65
1/5/21,3726.86
1/6/21,3748.14
1/7/21,3803.79
1/8/21,3824.68
1/9/21,3816.323333
1/10/21,3807.966667
1/11/21,3799.61
1/12/21,3801.19
1/13/21,3809.84
1/14/21,3795.54
1/15/21,3768.25
1/16/21,3775.915
1/17/21,3783.58
1/18/21,3791.245
1/19/21,3798.91
1/20/21,3851.85
1/21/21,3853.07
1/22/21,3841.47
1/23/21,3846.1
1/24/21,3850.73
1/25/21,3855.36
1/26/21,3849.62
1/27/21,3750.77
1/28/21,3787.38
1/29/21,3714.24
1/30/21,3734.113333
1/31/21,3753.986667
2/1/21,3773.86
2/2/21,3826.31
2/3/21,3830.17
2/4/21,3871.74
2/5/21,3886.83
2/6/21,3896.416667
2/7/21,3906.003333
2/8/21,3915.59
2/9/21,3911.23
2/10/21,3909.88
2/11/21,3916.38
2/12/21,3934.83
2/13/21,3934.27
2/14/21,3933.71
2/15/21,3933.15
2/16/21,3932.59
2/17/21,3931.33
2/18/21,3913.97
2/19/21,3906.71
2/20/21,3896.64
2/21/21,3886.57
2/22/21,3876.5
2/23/21,3881.37
2/24/21,3925.43
2/25/21,3829.34
2/26/21,3811.15
2/27/21,3841.373333
2/28/21,3871.596667
3/1/21,3901.82
3/2/21,3870.29
3/3/21,3819.72
3/4/21,3768.47
3/5/21,3841.94
3/6/21,3835.076667
3/7/21,3828.213333
3/8/21,3821.35
3/9/21,3875.44
3/10/21,3898.81
3/11/21,3939.34
3/12/21,3943.34
3/13/21,3951.873333
3/14/21,3960.406667
3/15/21,3968.94
3/16/21,3962.71
3/17/21,3974.12
3/18/21,3915.46
3/19/21,3913.1
3/20/21,3922.263333
3/21/21,3931.426667
3/22/21,3940.59
3/23/21,3910.52
3/24/21,3889.14
3/25/21,3909.52
3/26/21,3974.54
3/27/21,3973.39
3/28/21,3972.24
3/29/21,3971.09
3/30/21,3958.55
3/31/21,3972.89
4/1/21,4019.87
4/2/21,4034.38
4/3/21,4048.89
4/4/21,4063.4
4/5/21,4077.91
4/6/21,4073.94
4/7/21,4079.95
4/8/21,4097.17
4/9/21,4128.8
4/10/21,4128.53
4/11/21,4128.26
4/12/21,4127.99
4/13/21,4141.59
4/14/21,4124.66
4/15/21,4170.42
4/16/21,4185.47
4/17/21,4178.066667
4/18/21,4170.663333
4/19/21,4163.26
4/20/21,4134.94
4/21/21,4173.42
4/22/21,4134.98
4/23/21,4180.17
4/24/21,4182.653333
4/25/21,4185.136667
4/26/21,4187.62
4/27/21,4186.72
4/28/21,4183.18
4/29/21,4211.47
4/30/21,4181.17
5/1/21,4185
5/2/21,4188.83
5/3/21,4192.66
5/4/21,4164.66
5/5/21,4167.59
5/6/21,4201.62
5/7/21,4232.6
5/8/21,4217.876667
5/9/21,4203.153333
5/10/21,4188.43
5/11/21,4152.1
5/12/21,4063.04
5/13/21,4112.5
5/14/21,4173.85
5/15/21,4170.33
5/16/21,4166.81
5/17/21,4163.29
5/18/21,4127.83
5/19/21,4115.68
5/20/21,4159.12
5/21/21,4155.86
5/22/21,4169.59
5/23/21,4183.32
5/24/21,4197.05
5/25/21,4188.13
5/26/21,4195.99
5/27/21,4200.88
5/28/21,4204.11
5/29/21,4203.42
5/30/21,4202.73
5/31/21,4202.04
6/1/21,4208.12
6/2/21,4192.85
6/3/21,4229.89
6/4/21,4228.766667
6/5/21,4227.643333
6/6/21,4226.52
6/7/21,4227.26
6/8/21,4219.55
6/9/21,4239.18
6/10/21,4247.44
6/11/21,4249.3675
6/12/21,4251.295
6/13/21,4253.2225
6/14/21,4255.15
6/15/21,4246.59
6/16/21,4223.7
6/17/21,4221.86
6/18/21,4166.45
6/19/21,4185.896667
6/20/21,4205.343333
6/21/21,4224.79
6/22/21,4246.44
6/23/21,4241.84
6/24/21,4266.49
6/25/21,4280.7
6/26/21,4284.003333
6/27/21,4287.306667
6/28/21,4290.61
6/29/21,4291.8
6/30/21,4297.5
7/1/21,4319.94
7/2/21,4352.34
7/3/21,4350.14
7/4/21,4347.94
7/5/21,4345.74
7/6/21,4343.54
7/7/21,4358.13
7/8/21,4320.82
7/9/21,4369.55
7/10/21,4374.576667
7/11/21,4379.603333
7/12/21,4384.63
7/13/21,4369.21
7/14/21,4374.3
7/15/21,4360.03
7/16/21,4327.16
7/17/21,4304.27
7/18/21,4281.38
7/19/21,4258.49
7/20/21,4323.06
7/21/21,4358.69
7/22/21,4367.48
7/23/21,4411.79
7/24/21,4415.293333
7/25/21,4418.796667
7/26/21,4422.3
7/27/21,4401.46
7/28/21,4400.64
7/29/21,4419.15
7/30/21,4395.26
7/31/21,4392.56
8/1/21,4389.86
8/2/21,4387.16
8/3/21,4423.15
8/4/21,4402.66
8/5/21,4429.1
8/6/21,4436.52
8/7/21,4435.13
8/8/21,4433.74
8/9/21,4432.35
8/10/21,4436.75
8/11/21,4447.7
8/12/21,4460.83
8/13/21,4468
8/14/21,4471.903333
8/15/21,4475.806667
8/16/21,4479.71
8/17/21,4448.08
8/18/21,4400.27
8/19/21,4405.8
8/20/21,4441.67
8/21/21,4454.29
8/22/21,4466.91
8/23/21,4479.53
8/24/21,4486.23
8/25/21,4496.19
8/26/21,4470
8/27/21,4509.37
8/28/21,4515.843333
8/29/21,4522.316667
8/30/21,4528.79
8/31/21,4522.68
9/1/21,4524.09
9/2/21,4536.95
9/3/21,4535.43
9/4/21,4531.58
9/5/21,4527.73
9/6/21,4523.88
9/7/21,4520.03
9/8/21,4514.07
9/9/21,4493.28
9/10/21,4458.58
9/11/21,4461.963333
9/12/21,4465.346667
9/13/21,4468.73
9/14/21,4443.05
9/15/21,4480.7
9/16/21,4473.75
9/17/21,4432.99
9/18/21,4407.903333
9/19/21,4382.816667
9/20/21,4357.73
9/21/21,4354.19
9/22/21,4395.64
9/23/21,4448.98
9/24/21,4455.48
9/25/21,4451.356667
9/26/21,4447.233333
9/27/21,4443.11
9/28/21,4352.63
9/29/21,4359.46
9/30/21,4307.54
10/1/21,4357.04
10/2/21,4338.18
10/3/21,4319.32
10/4/21,4300.46
10/5/21,4345.72
10/6/21,4363.55
10/7/21,4399.76
10/8/21,4391.34
10/9/21,4381.29
10/10/21,4371.24
10/11/21,4361.19
10/12/21,4350.65
10/13/21,4363.8
10/14/21,4438.26
10/15/21,4471.37
10/16/21,4476.4
10/17/21,4481.43
10/18/21,4486.46
10/19/21,4519.63
10/20/21,4536.19
10/21/21,4549.78
10/22/21,4544.9
10/23/21,4552.093333
10/24/21,4559.286667
10/25/21,4566.48
10/26/21,4574.79
10/27/21,4551.68
10/28/21,4596.42
10/29/21,4605.38
10/30/21,4608.143333
10/31/21,4610.906667
11/1/21,4613.67
11/2/21,4630.65
11/3/21,4660.57
11/4/21,4680.06
11/5/21,4697.53
11/6/21,4698.92
11/7/21,4700.31
11/8/21,4701.7
11/9/21,4685.25
11/10/21,4646.71
11/11/21,4649.27
11/12/21,4682.85
11/13/21,4682.833333
11/14/21,4682.816667
11/15/21,4682.8
11/16/21,4700.9
11/17/21,4688.67
11/18/21,4704.54
11/19/21,4697.96
11/20/21,4692.953333
11/21/21,4687.946667
11/22/21,4682.94
11/23/21,4690.7
11/24/21,4701.46
11/25/21,4648.04
11/26/21,4594.62
11/27/21,4614.836667
11/28/21,4635.053333
11/29/21,4655.27
11/30/21,4567
12/1/21,4513.04
12/2/21,4577.1
12/3/21,4538.43
12/4/21,4556.176667
12/5/21,4573.923333
12/6/21,4591.67
12/7/21,4686.75
12/8/21,4701.21
12/9/21,4667.45
12/10/21,4712.02
12/11/21,4697.67
12/12/21,4683.32
12/13/21,4668.97
12/14/21,4634.09
12/15/21,4709.85
12/16/21,4668.67
12/17/21,4620.64
12/18/21,4603.1
12/19/21,4585.56
12/20/21,4568.02
12/21/21,4649.23
12/22/21,4696.56
12/23/21,4725.79
12/24/21,4747.59
12/25/21,4769.39
12/26/21,4791.19
12/27/21,4786.35
12/28/21,4793.06
12/29/21,4778.73
12/30/21,4766.18
12/31/21,4773.775
1/1/22,4781.37
1/2/22,4788.965
1/3/22,4796.56
1/4/22,4793.54
1/5/22,4700.58
1/6/22,4696.05
1/7/22,4677.03
1/8/22,4674.783333
1/9/22,4672.536667
1/10/22,4670.29
1/11/22,4713.07
1/12/22,4726.35
1/13/22,4659.03
1/14/22,4662.85
1/15/22,4641.415
1/16/22,4619.98
1/17/22,4598.545
1/18/22,4577.11
1/19/22,4532.76
1/20/22,4482.73
1/21/22,4397.94
1/22/22,4402.003333
1/23/22,4406.066667
1/24/22,4410.13
1/25/22,4356.45
1/26/22,4349.93
1/27/22,4326.51
1/28/22,4431.85
1/29/22,4459.75
1/30/22,4487.65
1/31/22,4515.55
2/1/22,4546.54
2/2/22,4589.38
2/3/22,4477.44
2/4/22,4500.53
2/5/22,4494.976667
2/6/22,4489.423333
2/7/22,4483.87
2/8/22,4521.54
2/9/22,4587.18
2/10/22,4504.08
2/11/22,4418.64
2/12/22,4412.983333
2/13/22,4407.326667
2/14/22,4401.67
2/15/22,4471.07
2/16/22,4475.01
2/17/22,4380.26
2/18/22,4348.87
2/19/22,4337.8425
2/20/22,4326.815
2/21/22,4315.7875
2/22/22,4304.76
2/23/22,4225.5
2/24/22,4288.7
2/25/22,4384.65
2/26/22,4381.08
2/27/22,4377.51
2/28/22,4373.94
3/1/22,4306.26
3/2/22,4386.54
3/3/22,4363.49
3/4/22,4328.87
3/5/22,4286.276667
3/6/22,4243.683333
3/7/22,4201.09
3/8/22,4170.7
3/9/22,4277.88
3/10/22,4259.52
3/11/22,4204.31
3/12/22,4193.91
3/13/22,4183.51
3/14/22,4173.11
3/15/22,4262.45
3/16/22,4357.86
3/17/22,4411.67
3/18/22,4463.12
3/19/22,4462.473333
3/20/22,4461.826667
3/21/22,4461.18
3/22/22,4511.61
3/23/22,4456.24
3/24/22,4520.16
3/25/22,4543.06
3/26/22,4553.88
3/27/22,4564.7
3/28/22,4575.52
3/29/22,4631.6
3/30/22,4602.45
3/31/22,4530.41
4/1/22,4545.86
4/2/22,4558.12
4/3/22,4570.38
4/4/22,4582.64
4/5/22,4525.12
4/6/22,4481.15
4/7/22,4500.21
4/8/22,4488.28
4/9/22,4463.03
4/10/22,4437.78
4/11/22,4412.53
4/12/22,4397.45
4/13/22,4446.59
4/14/22,4392.59
4/15/22,4392.365
4/16/22,4392.14
4/17/22,4391.915
4/18/22,4391.69
4/19/22,4462.21
4/20/22,4459.45
4/21/22,4393.66
4/22/22,4271.78
4/23/22,4279.893333
4/24/22,4288.006667
4/25/22,4296.12
4/26/22,4175.2
4/27/22,4183.96
4/28/22,4287.5
4/29/22,4131.93
4/30/22,4139.746667
5/1/22,4147.563333
5/2/22,4155.38
5/3/22,4175.48
5/4/22,4300.17
5/5/22,4146.87
5/6/22,4123.34
5/7/22,4079.306667
5/8/22,4035.273333
5/9/22,3991.24
5/10/22,4001.05
5/11/22,3935.18
5/12/22,3930.08
5/13/22,4023.89
5/14/22,4018.596667
5/15/22,4013.303333
5/16/22,4008.01
5/17/22,4088.85
5/18/22,3923.68
5/19/22,3900.79
5/20/22,3901.36
5/21/22,3925.49
5/22/22,3949.62
5/23/22,3973.75
5/24/22,3941.48
5/25/22,3978.73
5/26/22,4057.84
5/27/22,4158.24
5/28/22,4151.7175
5/29/22,4145.195
5/30/22,4138.6725
5/31/22,4132.15
6/1/22,4101.23
6/2/22,4176.82
6/3/22,4108.54
6/4/22,4112.836667
6/5/22,4117.133333
6/6/22,4121.43
6/7/22,4160.68
6/8/22,4115.77
6/9/22,4017.82
6/10/22,3900.86
6/11/22,3850.45
6/12/22,3800.04
6/13/22,3749.63
6/14/22,3735.48
6/15/22,3789.99
6/16/22,3666.77
6/17/22,3674.84
6/18/22,3697.3275
6/19/22,3719.815
6/20/22,3742.3025
6/21/22,3764.79
6/22/22,3759.89
6/23/22,3795.73
6/24/22,3911.74
6/25/22,3907.863333
6/26/22,3903.986667
6/27/22,3900.11
6/28/22,3821.55
6/29/22,3818.83
6/30/22,3785.38
7/1/22,3825.33
7/2/22,3826.845
7/3/22,3828.36
7/4/22,3829.875
7/5/22,3831.39
7/6/22,3845.08
7/7/22,3902.62
7/8/22,3899.38
7/9/22,3884.396667
7/10/22,3869.413333
7/11/22,3854.43
7/12/22,3818.8
7/13/22,3801.78
7/14/22,3790.38
7/15/22,3863.16
7/16/22,3852.39
7/17/22,3841.62
7/18/22,3830.85
7/19/22,3936.69
7/20/22,3959.9
7/21/22,3998.95
7/22/22,3961.63
7/23/22,3963.366667
7/24/22,3965.103333
7/25/22,3966.84
7/26/22,3921.05
7/27/22,4023.61
7/28/22,4072.43
7/29/22,4130.29
7/30/22,4126.403333
7/31/22,4122.516667
8/1/22,4118.63
8/2/22,4091.19
8/3/22,4155.17
8/4/22,4151.94
8/5/22,4145.19
8/6/22,4143.48
8/7/22,4141.77
8/8/22,4140.06
8/9/22,4122.47
8/10/22,4210.24
8/11/22,4207.27
8/12/22,4280.15
8/13/22,4285.813333
8/14/22,4291.476667
8/15/22,4297.14
8/16/22,4305.2
8/17/22,4274.04
8/18/22,4283.74
8/19/22,4228.48
8/20/22,4198.316667
8/21/22,4168.153333
8/22/22,4137.99
8/23/22,4128.73
8/24/22,4140.77
8/25/22,4199.12
8/26/22,4057.66
8/27/22,4048.643333
8/28/22,4039.626667
8/29/22,4030.61
8/30/22,3986.16
8/31/22,3955
9/1/22,3966.85
9/2/22,3924.26
9/3/22,3920.2425
9/4/22,3916.225
9/5/22,3912.2075
9/6/22,3908.19
9/7/22,3979.87
9/8/22,4006.18
9/9/22,4067.36
9/10/22,4081.71
9/11/22,4096.06
9/12/22,4110.41
9/13/22,3932.69
9/14/22,3946.01
9/15/22,3901.35
9/16/22,3873.33
9/17/22,3882.183333
9/18/22,3891.036667
9/19/22,3899.89
9/20/22,3855.93
9/21/22,3789.93
9/22/22,3757.99
9/23/22,3693.23
9/24/22,3680.5
9/25/22,3667.77
9/26/22,3655.04
9/27/22,3647.29
9/28/22,3719.04
9/29/22,3640.47
9/30/22,3585.62
10/1/22,3616.556667
10/2/22,3647.493333
10/3/22,3678.43
10/4/22,3790.93
10/5/22,3783.28
10/6/22,3744.52
10/7/22,3639.66
10/8/22,3630.57
10/9/22,3621.48
10/10/22,3612.39
10/11/22,3588.84
10/12/22,3577.03
10/13/22,3669.91
10/14/22,3583.07
10/15/22,3614.696667
10/16/22,3646.323333
10/17/22,3677.95
10/18/22,3719.98
10/19/22,3695.16
10/20/22,3665.78
10/21/22,3752.75
10/22/22,3767.613333
10/23/22,3782.476667
10/24/22,3797.34
10/25/22,3859.11
10/26/22,3830.6
10/27/22,3807.3
10/28/22,3901.06
10/29/22,3891.366667
10/30/22,3881.673333
10/31/22,3871.98
11/1/22,3856.1
11/2/22,3759.69
11/3/22,3719.89
11/4/22,3770.55
11/5/22,3782.633333
11/6/22,3794.716667
11/7/22,3806.8
11/8/22,3828.11
11/9/22,3748.57
11/10/22,3956.37
11/11/22,3992.93
11/12/22,3981.036667
11/13/22,3969.143333
11/14/22,3957.25
11/15/22,3991.73
11/16/22,3958.79
11/17/22,3946.56
11/18/22,3965.34
11/19/22,3960.206667
11/20/22,3955.073333
11/21/22,3949.94
11/22/22,4003.58
11/23/22,4027.26
11/24/22,4026.69
11/25/22,4026.12
11/26/22,4005.393333
11/27/22,3984.666667
11/28/22,3963.94
11/29/22,3957.63
11/30/22,4080.11
12/1/22,4076.57
12/2/22,4071.7
12/3/22,4047.413333
12/4/22,4023.126667
12/5/22,3998.84
12/6/22,3941.26
12/7/22,3933.92
12/8/22,3963.51
12/9/22,3934.38
12/10/22,3953.106667
12/11/22,3971.833333
12/12/22,3990.56
12/13/22,4019.65
12/14/22,3995.32
12/15/22,3895.75
12/16/22,3852.36
12/17/22,3840.793333
12/18/22,3829.226667
12/19/22,3817.66
12/20/22,3821.62
12/21/22,3878.44
12/22/22,3822.39
12/23/22,3844.82
12/24/22,3840.9275
12/25/22,3837.035
12/26/22,3833.1425
12/27/22,3829.25
12/28/22,3783.22
12/29/22,3849.28
12/30/22,3839.5